"Year","DNA_Concentration_Ben"
"2000",0.484427099711765
"2001",0.542808306736364
"2002",0.5651775543875
"2003",0.4378957103375
"2004",0.731051180605882
"2005",1.2838241275625
"2006",1.2198250102
"2007",1.46338613103333
"2008",1.18498549704706
"2010",1.18382238664118
"2011",1.12060534684
"2012",1.09215585911667
