"","snp","Pvalue","OR","CI.low","CI.high","Pheno","region","chr","position_bp","a1","gene"
"1","rs13415465",6.68291461191806e-12,1.724,1.476,2.014,"CeD,RA,T1D","2q11.2",2,"100,764,004","G","AFF3"
"2","rs6749371",3.78770868983179e-08,1.721,1.418,2.088,"CeD,RA,SSc","2q32.3",2,"191,902,184","T","STAT4"
"3","rs7574865",1.14074183181542e-09,2.164,1.688,2.775,"CeD,RA,SSc","2q32.3",2,"191,964,633","T","STAT4"
"4","rs3087243",5.28951629143967e-19,1.685,1.502,1.89,"CeD,RA,T1D","2q33.2",2,"204,738,919","A","CTLA4"
"5","rs72928038",7.39649525532023e-13,2.015,1.664,2.441,"CeD,RA,T1D","6q15",6,"90,976,768","A","BACH2"
"6","rs1054609",7.99206952814015e-09,2.097,1.631,2.697,"RA,SSc,T1D","17q12",17,"38,033,277","C","ORMDL3"
"7","rs74956615",2.27863791568753e-17,1.633,1.458,1.829,"RA,SSc,T1D","19p13.2",19,"10,427,721","A","TYK2"
"8","rs66534072",1.10159081164365e-08,2.114,1.635,2.733,"CeD,RA,SSc","22q11.1",22,"21,936,152","G","YDJC"
