County,Pop_2010,Religious,Non.Religious,Religion,Proportion
Salt Lake County,1029655,0.73237,0.267629448698836,Buddhism.Mahayana,0.0036818157538
Utah County,516564,0.9095,0.0905037904306146,Buddhism.Mahayana,0.0001993944603
Davis County,306479,0.82371,0.176289403189126,Buddhism.Mahayana,0.0003328123623
Weber County,231236,0.75299,0.247007386393122,Buddhism.Mahayana,0.0054057326714
Box Elder County,49975,0.90295,0.0970485242621311,Buddhism.Mahayana,0.0250125062531
